<?xml version="1.0" encoding="utf-8"?>
<Defs>

  <HediffDef>
    <defName>ChTank_PainDampener</defName>
    <label>pain dampener</label>
    <description>Pain response is dampened.</description>
    <defaultLabelColor>(0.6, 0.6, 1.0)</defaultLabelColor>
    <isBad>false</isBad>
    <initialSeverity>1</initialSeverity>
    <maxSeverity>1</maxSeverity>
    <duplicationAllowed>false</duplicationAllowed>
    <stages>
      <li>
        <painFactor>0.4</painFactor>
      </li>
    </stages>
  </HediffDef>

  <HediffDef>
    <defName>ChBeastmaster_HerdBlessing</defName>
    <hediffClass>HediffWithComps</hediffClass>
    <label>herd blessing</label>
    <description>This animal thrives under the influence of a nearby beastmaster.</description>
    <isBad>false</isBad>
    <tendable>false</tendable>
    <initialSeverity>1</initialSeverity>
    <maxSeverity>1</maxSeverity>
    <defaultLabelColor>(0.6, 0.6, 1.0)</defaultLabelColor>
    <comps>
      <li Class="HediffCompProperties_Disappears">
        <!-- 2 in-game hours; intended to be continuously refreshed while in aura. -->
        <disappearsAfterTicks>5000</disappearsAfterTicks>
        <showRemainingTime>false</showRemainingTime>
      </li>
    </comps>
    <stages>
      <li>
        <statOffsets>
          <MeleeHitChance>0.12</MeleeHitChance>
          <MeleeDodgeChance>0.08</MeleeDodgeChance>
          <ArmorRating_Sharp>0.15</ArmorRating_Sharp>
          <ArmorRating_Blunt>0.12</ArmorRating_Blunt>
          <PainShockThreshold>0.20</PainShockThreshold>
        </statOffsets>

        <statFactors>
          <MoveSpeed>1.15</MoveSpeed>
          <CarryingCapacity>1.50</CarryingCapacity>

          <MeleeDamageFactor>1.25</MeleeDamageFactor>
          <MeleeCooldownFactor>0.95</MeleeCooldownFactor>

          <InjuryHealingFactor>1.25</InjuryHealingFactor>
          <ImmunityGainSpeed>1.25</ImmunityGainSpeed>
          <ToxicResistance>1.25</ToxicResistance>
          <ToxicEnvironmentResistance>1.25</ToxicEnvironmentResistance>

          <IncomingDamageFactor>0.85</IncomingDamageFactor>
          <Fertility>1.25</Fertility>
        </statFactors>
      </li>
    </stages>
  </HediffDef>

  <HediffDef>
    <defName>ChDiplomat_Presence</defName>
    <hediffClass>HediffWithComps</hediffClass>
    <label>diplomat presence</label>
    <description>Being near a diplomat smooths tensions and lifts spirits.</description>
    <isBad>false</isBad>
    <tendable>false</tendable>
    <initialSeverity>1</initialSeverity>
    <maxSeverity>1</maxSeverity>
    <defaultLabelColor>(0.6, 0.6, 1.0)</defaultLabelColor>
    <comps>
      <!-- 6 hours linger -->
      <li Class="HediffCompProperties_Disappears">
        <disappearsAfterTicks>15000</disappearsAfterTicks>
      </li>
    </comps>
  </HediffDef>

  <HediffDef>
    <defName>ChAscendant_InspirationAura</defName>
    <hediffClass>HediffWithComps</hediffClass>
    <label>ascendant inspiration</label>
    <description>Skill learning and healing rate are accelerated by an ascendant presence.</description>
    <isBad>false</isBad>
    <tendable>false</tendable>
    <initialSeverity>1</initialSeverity>
    <maxSeverity>1</maxSeverity>
    <defaultLabelColor>(0.6, 0.6, 1.0)</defaultLabelColor>
    <comps>
      <li Class="HediffCompProperties_Disappears">
        <disappearsAfterTicks>7500</disappearsAfterTicks>
      </li>
    </comps>

    <stages>
      <li>
        <statFactors>
          <GlobalLearningFactor>3.0</GlobalLearningFactor>
          <InjuryHealingFactor>4.0</InjuryHealingFactor>
        </statFactors>
      </li>
    </stages>
  </HediffDef>

</Defs>
