<?xml version="1.0" encoding="utf-8" ?>
<Defs>

  <WorkGiverDef>
    <defName>ChBeastmaster_TameNoFood</defName>
    <label>tame (beastmaster)</label>
    <giverClass>ChTraits.WorkGivers.WorkGiver_BeastmasterTameNoFood</giverClass>
    <workType>Handling</workType>
    <verb>tame (beastmaster)</verb>
    <gerund>taming (beastmaster)</gerund>

    <!-- Make sure Beastmaster taming gets picked before vanilla tame -->
    <priorityInType>100</priorityInType>

    <!-- Scanner style -->
    <scanThings>true</scanThings>
    <scanCells>false</scanCells>
  </WorkGiverDef>

</Defs>
