<?xml version="1.0" encoding="utf-8"?>
<ModMetaData>
  <name>Cheat Traits</name>
  <author>nalroff</author>
  <packageId>nalroff.chtraits</packageId>

  <description>
Cheat traits (Ch *) for role-focused overpowered pawns.
Includes Ch Boxer (unarmed-only), Ch Tex, Ch Zippy, and more.
  </description>

  <supportedVersions>
    <li>1.6</li>
  </supportedVersions>

  <modDependencies>
    <li>
      <packageId>brrainz.harmony</packageId>
      <displayName>Harmony</displayName>
      <steamWorkshopUrl>steam://url/CommunityFilePage/2009463077</steamWorkshopUrl>
    </li>
  </modDependencies>

  <loadAfter>
    <li>brrainz.harmony</li>
  </loadAfter>
</ModMetaData>
